,Date,Pptn,PET,S,G,ET,streamflow_mm
0,1980-01-31,12.961372420718947,208.292995125,239.454687733804,626.1300191161453,47.66267345985397,2.252015197659554
1,1980-02-29,20.807545666767613,230.2466273296875,234.43822240281375,600.7919671508087,45.440300158225,1.3608977777916125
2,1980-03-31,80.7610528798037,321.436800646875,219.0744626855337,575.2597703010805,36.35735472198576,4.241878402673397
3,1980-04-30,29.72874484584088,370.0583364375,216.5014461305406,551.8334947374133,42.21196740400046,2.155128605700758
4,1980-05-31,104.60828816795477,438.0762712781249,216.73838330340644,541.5627353217013,65.52122917491944,1.9368347411022355
5,1980-06-30,330.7261826540466,158.89195469531245,252.3126429875692,561.1822205013699,59.21207321807742,69.91912612065188
6,1980-07-31,298.6563938424344,108.51416692734377,313.47011422598234,743.8875689762897,72.6696598576382,103.02314149310848
7,1980-08-31,159.88713755160774,111.34796120859373,347.73563750072196,881.8341668241768,74.86457184422761,63.55212205896455
8,1980-09-30,231.33784123087938,115.00255399218752,388.6927523295085,989.8096448262537,82.47613557614386,80.24033913604852
9,1980-10-31,68.17190743248355,145.629590765625,374.4608991069178,982.6436824183307,89.30472792126238,22.951456794914193
10,1980-11-30,2.8844427827966266,168.815143828125,336.22971055772564,909.7241681416831,79.10757232457401,7.205790760589869
11,1980-12-31,0.601798730304931,177.2195604117187,294.37025685464187,802.6893253941687,53.66765339858829,3.9352702165980267
12,1981-01-31,11.11640341175016,201.523948565625,267.17965482896375,720.9920048867504,41.26880548428744,3.74937156021618
13,1981-02-28,39.1437444178383,220.7447069625,247.97249902997697,665.0818094526018,37.596254283562295,5.249419216993883
14,1981-03-31,46.17629054070137,287.8987141546875,238.36158684761293,623.8224068918537,48.62776097143068,1.9904612703963025
15,1981-04-30,100.29086628277749,336.0646816875,227.88569130367702,595.7037764655217,48.04894980043173,1.9864741678465572
16,1981-05-31,180.8028111870566,359.7461598656251,240.16425015849453,593.6845395488125,90.321880672127,12.325230434462075
17,1981-06-30,259.9387585617672,248.071907390625,236.99902674357102,593.5561518775093,77.26224814541638,71.15532726620022
18,1981-07-31,245.81850191417806,124.07531258671877,286.19282187184973,665.4669007742277,76.51638784445822,90.77864988527874
19,1981-08-31,345.72431933158094,118.26732381328124,326.69398352920365,809.2531127109323,78.09318182989955,131.98764732085644
20,1981-09-30,280.95099757114633,117.11063341406252,359.93282839457186,916.1398072136772,85.70555504411459,121.53755121553928
21,1981-10-31,25.277682907105078,166.80833450859376,347.29782391619943,931.422839585171,94.27930007223041,45.742133679509905
22,1981-11-30,0.20177758414891125,180.17322075,301.15526767306864,823.828822411431,70.6952386535704,12.903559659302545
23,1981-12-31,10.144321228366966,178.03010205703126,270.4330486379644,731.7477598292853,47.54890945041553,5.279621518808199
24,1982-01-31,7.8671006668002095,202.0769453109375,248.4102641895253,669.4506223124843,32.91526426328346,3.5432383583943787
25,1982-02-28,61.835894490189155,210.67369903125,246.85359773181736,635.3690812247139,45.57040762156248,3.964376065211164
26,1982-03-31,118.13538299485302,294.7927535859376,231.45624130002918,606.1799221654093,42.621712444815785,6.571243389797997
27,1982-04-30,70.96182014835206,365.79157284375,222.62852155897357,581.6106229570175,49.20250608120114,3.2035372211561297
28,1982-05-31,70.3799323888623,433.51365349687495,212.28026211646298,552.2782870877173,38.2153334794566,1.6401943114012292
29,1982-06-30,292.06097735202513,232.6365765,247.284321975708,576.8462016211615,77.70799985155462,56.99254094412456
30,1982-07-31,176.16175220833787,162.48269627578125,252.0958158636606,607.5768481428905,70.13896442949772,19.703762413019632
31,1982-08-31,388.46353872117294,108.9500078671875,321.59056163090526,746.0788716141898,76.89217349980026,164.74488444904898
32,1982-09-30,133.18606018558592,128.310237,357.78729921976725,931.5973353915743,87.63605402782558,80.31948312166094
33,1982-10-31,22.64128542362243,142.06184687812495,341.87451963527224,914.0706961847121,83.98461537435652,8.977659133696418
34,1982-11-30,5.933386035060142,158.95312361718754,307.61121474372015,832.5605947706433,70.40279405191541,5.346804196771396
35,1982-12-31,0.0,186.5184675890625,272.88631072095643,744.2838673745432,54.24653895897791,3.7295357250312007
36,1983-01-31,2.86799762553342,193.687060021875,251.39990980907154,675.6079936694074,34.043874952476465,2.189417687628564
37,1983-02-28,88.93040773865143,205.51526769375,251.71446248463215,640.2650604248046,50.42908675968647,3.4754576150487186
38,1983-03-31,46.65687007412996,305.964186046875,235.60501789790325,628.3496047809559,51.79211277281866,2.924340365110257
39,1983-04-30,63.09697729981211,353.3446546875,224.88570141262474,589.0230288187663,52.68491338938475,2.443794830302275
40,1983-05-31,134.44969110917262,417.3221631375,222.78407525503516,564.9557227268016,79.14584807585925,8.31041752199664
41,1983-06-30,144.22800863059882,244.103651578125,240.50309490627717,573.7012796613906,80.24241076782346,7.211771414414483
42,1983-07-31,192.81246548400043,138.262614946875,275.9081883789391,643.8360749111381,79.55618582200259,28.77780975085612
43,1983-08-31,416.83588185886566,113.53574777343748,344.46814026371123,837.4341701384512,80.14142119791359,158.46968342356953
44,1983-09-30,418.56763634189065,111.36238994531249,378.23257844713004,972.7733498467336,79.77703912183642,273.9825233313171
45,1983-10-31,100.17608299889956,144.51538225078124,374.13312173658807,980.088349865329,89.5488141803071,80.91914334514253
46,1983-11-30,0.5775736751837329,173.37983428125003,329.3766497294108,891.7891283671063,73.1607126072049,8.25888422154119
47,1983-12-31,6.046363184998097,175.53259018125,290.3903132202805,788.8564668060633,51.4525649137795,5.173464913421245
48,1984-01-31,14.761634504109061,188.252649196875,264.688777431365,713.6384813042098,39.969236974138774,3.961286060735112
49,1984-02-29,9.176892313572887,236.281273171875,248.69038031567104,661.4453173231802,40.15491572208703,2.5787582516111334
50,1984-03-31,5.94363934253879,308.3308467046875,225.10965593399544,613.0955584126134,21.531824930571016,1.1074177331915929
51,1984-04-30,38.36856850729354,356.73063314062506,213.54232099321152,568.7192189534504,19.35499836690724,1.1813784854893572
52,1984-05-31,70.84413911132658,402.798133715625,215.79034569442916,547.4686904415008,44.6456438745372,1.395784925101878
53,1984-06-30,419.52985969751745,189.82667925,253.04153480529786,576.1282771216501,72.37096759490669,81.85800631804369
54,1984-07-31,311.9013091391705,108.31135921171877,309.74173619670245,727.3392298298497,72.80185944400728,102.98636047208707
55,1984-08-31,479.8238209641197,103.31022143671876,381.85924004995695,938.8690882036763,75.94530070200562,333.6231981114184
56,1984-09-30,164.07659460687398,121.4756588671875,415.31161210801866,1022.1516032748751,80.38462861441076,109.08074639693564
57,1984-10-31,85.81885775211384,141.24037780546874,370.3135923980385,978.54562066191,80.18515859730542,28.87599215114359
58,1984-11-30,0.0,176.07710833593745,327.5707832336426,889.0575743781199,72.84253765828906,7.745345413134072
59,1984-12-31,0.0,197.06353502343745,284.0809134821738,780.3573811028592,48.819330520927906,4.735880408586763
60,1985-01-31,30.3182967406106,203.3097102984375,256.8932552132556,696.5086971816197,34.381743601989,4.269588765394122
61,1985-02-28,37.91161417535546,219.04836345,240.47446407590598,643.4580329713367,31.209991732612252,3.1168177406991817
62,1985-03-31,1.144358917250998,313.803875925,221.57824067146547,600.2124635429793,20.03605524078011,1.3548174464032514
63,1985-04-30,47.020704170620995,360.791664328125,213.292028342353,561.6732760959201,20.129720389377326,0.8439699322172112
64,1985-05-31,120.04928806022363,424.4943350531249,212.65061942479943,539.4094067645332,31.585369294043627,6.066675562127804
65,1985-06-30,243.26560230657037,278.353837125,229.796329053243,542.9259001413982,71.7005766928196,24.2671009587662
66,1985-07-31,255.21472819703718,134.9120189390625,266.3975517519059,606.4867867500552,72.0592915546149,92.45303360104408
67,1985-08-31,538.1070692249382,105.63299452265623,317.76183958976486,761.3070014215286,73.0948733864352,303.2765631848013
68,1985-09-30,391.30721872109217,106.5474942890625,355.34829851786293,913.5342059665255,76.36795984581113,283.8374447035211
69,1985-10-31,275.4978317617075,142.61051934140625,368.2937956369049,966.0840151386876,94.79920542798936,252.3438200509064
70,1985-11-30,0.0,167.992300265625,342.26400714450403,926.5652615865073,84.01298476383091,22.203974744400803
71,1985-12-31,0.0,175.6248674695313,299.1962487825783,816.0166123092816,58.91999343875796,7.917787598410529
72,1986-01-31,36.49325352693261,192.79285630312495,272.4849880997852,734.4373751404464,53.196747181937106,6.823726658760582
73,1986-02-28,28.79073785280003,215.348995575,251.01991894131612,673.2564768110002,43.465381907299154,4.679064197252903
74,1986-03-31,19.09570176684036,319.5033241078125,230.25183780218964,626.0620730820523,31.703371927142143,2.8288492590438707
75,1986-04-30,65.44923443871183,364.05780075,224.30623849232998,584.6416455162896,51.70941073447466,2.536793997275071
76,1986-05-31,105.99230060254034,363.35361155625,223.86727560720126,566.95493513538,69.38715926371515,8.230376438310513
77,1986-06-30,224.9563657675109,230.291373375,254.3825355741713,588.2057858784992,89.58004997111857,26.750467781874686
78,1986-07-31,323.321463594735,137.02928302265624,303.6505586357527,710.9912473617061,84.32920735795052,113.84573265413552
79,1986-08-31,218.49292631122933,126.80230043671872,363.8990453494493,923.027564428186,87.70230731461197,99.37853105238682
80,1986-09-30,231.68660261668342,127.56635578124998,369.33629909091525,968.9671699523927,82.82145531848073,68.3608667666479
81,1986-10-31,172.61757668397863,146.29391831953126,377.01346452774527,985.6687306229784,93.35250633303076,104.01054743955277
82,1986-11-30,72.97994697014104,149.76454246875,348.9428345998128,932.4424953884547,81.44323783926666,20.412968279055463
83,1986-12-31,20.776130262212984,146.9765768273437,318.67755143360426,857.7333954021492,57.79895705636591,9.07364862758152
84,1987-01-31,4.262424315052418,184.6916418515625,284.9929739429104,772.9514862388693,51.00602509919554,5.202172051779408
85,1987-02-28,9.225460018094424,219.657789225,257.1894976752144,700.4731656029111,39.07564929686487,2.4829681128535173
86,1987-03-31,19.72186518518314,276.1663256015625,234.89601533130934,640.0518280767624,28.69191913632676,2.561713388210975
87,1987-04-30,40.227797861604145,369.12460134374993,219.34708932240798,589.8110562642415,33.035436761565514,1.6137797570091708
88,1987-05-31,75.89527878102382,400.5269629875,219.90908454566875,563.846594902777,57.08949265535921,4.4246870545791905
89,1987-06-30,145.60548007428923,288.192480609375,220.05140728420682,546.9356727600099,52.06315428949893,9.092587364692811
90,1987-07-31,377.19892389675215,147.90239560546874,257.823656676918,582.1951488782,73.01765573211014,74.95653115956307
91,1987-08-31,197.73295618549525,118.259219953125,300.48973891555625,711.402931869671,76.60912438295782,56.81720810949953
92,1987-09-30,164.58835310063006,106.472114296875,338.57500207689066,858.4631835089792,74.51614178717136,54.59439843801686
93,1987-10-31,36.785897215359306,143.92385604140625,332.15244764922767,879.2504345473424,89.28859191946684,17.109653816591976
94,1987-11-30,67.00867739397141,149.16915133593747,298.8348504596286,809.7007497151692,66.40211795456707,13.084673792624695
95,1987-12-31,4.126186102998972,165.3106322109375,266.96314752230086,725.879544904155,51.35770094348118,4.4815032659130525
96,1988-01-31,0.32097730787911305,200.53781216718747,245.75941424216,662.6090254014539,42.5871441140771,1.7832316153733216
97,1988-02-29,85.60951766855644,225.05153121562495,237.11236217104155,620.043097485071,40.45442081987858,3.995076754844197
98,1988-03-31,38.948432241119114,288.4592255906249,226.30060513814288,591.3699020057597,41.76059626042843,7.317329954418973
99,1988-04-30,93.3286203761275,350.75008546875,215.5433603286744,563.3861407809787,35.90501798316837,3.5834084165830564
100,1988-05-31,67.31282560431072,385.6686854625,214.94752291197412,544.155238366896,46.58404280198738,3.0959851298767664
101,1988-06-30,396.27845012045753,208.377279,243.560535176595,558.5520361582438,74.95650602504611,67.87045315302932
102,1988-07-31,251.17247487535252,133.5747597328125,297.5087417479485,683.6585500573598,87.00066406745465,77.48535095173867
103,1988-08-31,309.31825961713605,128.59464308203124,329.1600350820889,827.4338656189619,84.07615665346384,190.35125315427442
104,1988-09-30,227.5555214342885,132.2914344609375,355.31930893792037,911.80570924547,92.3712991643697,99.68254762180487
105,1988-10-31,67.9154372222888,172.52208950625,347.96257872222577,928.9700402700772,100.77886080835016,37.59139961463054
106,1988-11-30,5.8835935812709925,170.40393288281246,303.4180113686455,826.0084268358022,69.58054821006954,7.156849076791753
107,1988-12-31,0.0,170.38762834218753,270.1314136546145,734.6513009840442,46.70245143352078,4.155557632471422
108,1989-01-31,0.14056606562321,208.7664428671875,247.8461545718613,668.7916783978862,34.444195905234665,2.5876295547843164
109,1989-02-28,0.2142060546415,239.19853230000004,229.29241648174462,618.5257504326954,20.41307953186333,1.13433067540237
110,1989-03-31,13.098748634909914,307.9340799328125,216.44199838945943,577.6195314468875,14.482824888546018,0.9190271377161552
111,1989-04-30,4.721731908325727,364.43578725,210.89839954376225,547.4041634877524,11.090234649600461,0.3598360051144601
112,1989-05-31,166.84891819496974,355.75977211874994,226.58673220808788,543.8278950516896,67.12684580124915,2.542774651099688
113,1989-06-30,423.13426863482806,226.43398757812497,253.99404585096582,582.6404750823974,91.46198630332948,164.9215130920027
114,1989-07-31,275.27116445495216,120.11876127421873,322.6033059807233,761.106688960906,80.74085027910769,103.31978192280951
115,1989-08-31,443.19335242916014,108.8878449234375,370.9675785597934,945.4370149181734,76.24360236804931,286.6756636535568
116,1989-09-30,167.2775251705227,120.2963659453125,403.1699991861978,1011.1937244839137,85.45512263663113,82.88189425281811
117,1989-10-31,46.34300323498931,140.49591207890623,387.62552540276647,999.197964575983,84.0335170738399,36.972401943782685
118,1989-11-30,0.0,169.801764328125,337.21235419379343,912.9695199754505,73.18593375384808,7.121961929481485
119,1989-12-31,1.141503186486735,161.37228957187497,299.7964734928582,811.2675523655389,44.61354076629505,3.5525083718225354
120,1990-01-31,0.094729852235364,224.5560084421875,265.57750174819785,727.0686411703787,37.88889774587005,2.584639227872008
121,1990-02-28,31.076018557143758,188.19458713125,252.76789020356682,664.6362776983351,32.33169070445001,1.652654006869182
122,1990-03-31,133.2297553995106,271.045019475,243.7188969683904,639.9665332507062,47.132160176988684,2.6514231955802314
123,1990-04-30,80.44651717373017,317.741996953125,234.1958105723063,614.5482211642792,52.08298482466489,3.7329247621984822
124,1990-05-31,149.6699989617995,344.4497403046875,231.48218591751592,590.6421884926416,78.00133523996921,6.679393546459822
125,1990-06-30,331.04421113971637,238.1045574375,257.29466236962213,605.7823084513346,99.07156834378841,103.54804354378237
126,1990-07-31,323.3316728980744,122.7146311125,322.7836887810821,765.0105792630103,82.66774483490734,146.98652904761352
127,1990-08-31,338.5086784562928,118.41193714218753,358.08773787303636,912.3132336524226,81.97404616512358,135.64122874231495
128,1990-09-30,375.7041353708236,107.48019663281252,390.7236673990885,996.7851085238983,75.21568913944066,207.57553616917156
129,1990-10-31,178.04714099701073,132.79223143124997,387.60233836020205,996.8617438859836,86.11773764714597,106.03579617969558
130,1990-11-30,70.89634043087078,155.03942067187495,349.408115641276,938.9376639472116,75.49777999520302,29.928088836457466
131,1990-12-31,2.8645215691315102,168.87041675156254,306.2305938761722,831.4692986601144,56.26415954902768,6.164758284851526
132,1991-01-31,24.395847393669605,171.78073637343755,284.91213751351967,754.0725273214358,58.08298056945205,6.876057379725981
133,1991-02-28,2.0841495106346297,241.54996635,255.7595830190749,700.2033259073892,46.64439638145269,3.1014673958826653
134,1991-03-31,31.386358937871805,320.865239503125,236.48634549622886,639.7653034169188,44.96976704103872,3.170244914865761
135,1991-04-30,40.075263142283966,369.9006699375,219.99144465128583,592.1993850284152,38.312223041430116,1.9489954038789568
136,1991-05-31,49.004846346843436,456.46907686874994,212.46349504942532,556.9517095832415,35.94498698366806,1.3675761745624349
137,1991-06-30,182.1481911495074,247.034251828125,244.95461427900528,570.4578142801921,73.85813514702022,9.64360493706753
138,1991-07-31,312.74124353809134,139.22403957421878,291.652037466726,663.6888431426019,79.83455134090036,110.99156529390078
139,1991-08-31,442.3853120940824,96.23527361015623,361.7613020455966,904.6036623882992,69.90267334040253,317.07831737099764
140,1991-09-30,187.63345337914052,115.511473828125,400.37458801269537,1008.8700691223142,78.11280176974833,149.51435206415172
141,1991-10-31,96.415048595835,136.7605439015625,375.9316653590048,985.042451591902,84.04795762617141,57.87987061657022
142,1991-11-30,11.410909725161526,161.31497983593755,339.542367723253,915.6699851142033,79.46323323994875,18.284254227746764
143,1991-12-31,17.13298330249829,158.85193348124997,302.8527034841557,817.591523693454,52.67274611396715,7.6432755878606065
144,1992-01-31,5.107806533951614,190.665620803125,273.77063517416667,739.5251068607453,45.77295212075114,5.663679171912357
145,1992-02-29,10.77654894037058,224.6599174359375,256.26206452819116,682.4926043104848,47.528145904652774,4.055780391164061
146,1992-03-31,0.021643614129193,321.2577598078125,231.2469203702865,632.3947504515288,31.967553484719247,1.9342431244449017
147,1992-04-30,24.10961251430685,375.09583275,213.66864804161918,579.7235522376167,17.914318945258856,1.2533456865122488
148,1992-05-31,123.40456477555072,389.170753621875,225.7231795813448,555.7716213759555,64.08526792656629,8.544560119230399
149,1992-06-30,196.8793223062836,277.208151609375,242.9864890416463,582.6220161861843,88.44231977127492,21.389210338360453
150,1992-07-31,302.5063475901541,136.13178884765622,278.9643867041475,653.587889312416,79.28604420740156,68.29099279446362
151,1992-08-31,284.33675308491866,114.10827604453124,315.7282312864898,775.2360939107913,74.46203576400877,124.01085060470969
152,1992-09-30,167.1179118369035,120.073905140625,346.46399561564124,895.1698766072592,78.88600719161332,57.54485432482792
153,1992-10-31,55.72124319160079,143.53202495390624,336.9431140858639,889.8078079223629,87.53012500237672,19.783504464014527
154,1992-11-30,0.7458620907904241,156.3428264765625,302.3678421444364,822.030154418945,70.51007193513216,6.022020013570661
155,1992-12-31,1.0290818705668292,172.86268507734374,270.7854828988353,734.8924133957072,52.59690560633317,3.7955222722294737
156,1993-01-31,0.019775048729832,220.465059778125,246.89778434589343,669.2238895047095,41.201305808499455,2.9195558420505634
157,1993-02-28,0.05779236078259,218.90130845625,230.3857648713248,618.821412994748,23.178494023159146,1.2599244057193275
158,1993-03-31,15.999024550748882,306.883557309375,218.65251762636245,580.1094887436078,22.178081871243197,1.1411087497369354
159,1993-04-30,97.63524349669355,365.28681628125,217.14044592115616,553.5000623067224,34.770151250995696,2.1726718569196355
160,1993-05-31,92.70344744325264,424.82182438125,216.1848459141229,542.8654228538596,57.86048043519258,6.824524079270531
161,1993-06-30,256.21410342570925,227.43612084375,236.2206944359674,547.9171060774063,59.308048104867346,44.2352082708339
162,1993-07-31,241.6767912634741,124.41776459765623,278.3697493973599,651.8389065650201,73.08819552417846,123.18442392371134
163,1993-08-31,279.9278188025196,109.65979040625,322.4944828402611,781.2881088256835,75.03459749277681,140.19948373231063
164,1993-09-30,273.6339825584108,103.09677532031252,361.8948070526122,932.5688286675353,73.82448390126228,136.58517527096706
165,1993-10-31,67.62485146251723,138.5473061109375,358.5047341623614,950.5960450531337,87.3273466480896,51.32965919272215
166,1993-11-30,4.2481618141119615,157.6066327734375,330.44122659895163,889.076304796007,79.0307647548616,14.046362927623123
167,1993-12-31,0.0,173.9951689640625,291.33330683554385,794.1451268349924,56.971805077046156,5.524230260235036
168,1994-01-31,13.439411489388393,209.35781344687496,261.5393773765973,710.7601051740749,48.52714481530711,4.013417426573024
169,1994-02-28,62.93729537533469,201.671093925,250.8414046196711,659.1000338054838,46.6038413811475,5.077575097099885
170,1994-03-31,1.3183939056217648,303.4875618984375,227.91748559603127,618.6978457050939,30.11453115614131,1.2391914724606556
171,1994-04-30,59.17757927817051,350.26482206249995,223.07850784725613,579.4722107781304,46.4531056350097,1.4412378941689683
172,1994-05-31,99.55482388897622,382.83489118125,219.04471776818718,561.8125261696434,54.78268750011921,2.980757866189144
173,1994-06-30,371.4873347451966,180.679935234375,252.82310178544785,578.1543084886339,68.02514777518809,94.92294395304714
174,1994-07-31,448.47610680532483,92.03225489648442,298.3543216951432,705.1806291149509,60.2493752259761,233.56107832687772
175,1994-08-31,369.90133445165435,94.536097565625,351.6379914027388,876.5982745591031,67.792884609662,304.1890116033105
176,1994-09-30,223.86125596519608,122.5926748125,389.5410401662191,997.9482089572484,78.58822541311383,170.83837327582384
177,1994-10-31,48.740083144382275,150.57902613515625,352.10439948625464,941.3331696705156,84.36279154848306,29.16794773534864
178,1994-11-30,10.056664976789321,151.826922703125,332.40981659359403,893.1710338168674,73.73512233607471,11.910671446852364
179,1994-12-31,0.0,174.08693489765622,290.272574886199,793.0088138375232,56.553503265604384,5.957628307392286
180,1995-01-31,49.712420552485206,189.697870940625,263.8323126762144,711.816067357217,45.63824184006079,6.347467259193577
181,1995-02-28,15.330082095302393,217.86828879375,248.10106586274642,660.5260742732456,42.485540360212326,3.728040561575046
182,1995-03-31,14.014058006454325,321.2686094203125,232.88030638746037,621.7300469593338,41.352096875198185,2.979761090551708
183,1995-04-30,10.892474646650676,364.53686765625,214.46755835215257,577.7497489081491,22.73571642581373,1.3792384495204386
184,1995-05-31,248.73348625675587,354.550885171875,214.5426467157179,548.1591444528232,42.06142810871825,48.71232572394222
185,1995-06-30,126.61091777562879,264.87535232812496,222.39922478993736,541.8846133761937,51.013374351896346,9.402983298190431
186,1995-07-31,196.74341005786948,130.014952959375,262.55139816448246,593.8930788347798,71.12367628142238,46.447751153250984
187,1995-08-31,354.9167260742229,116.892969159375,291.27242719998924,704.3603535313762,72.72508351597935,196.2820681970197
188,1995-09-30,309.48815089635286,107.5950900703125,334.6195627212525,826.7064070807565,78.65820592269301,161.9481313655306
189,1995-10-31,117.1623792676721,129.60768118359374,343.94805932814074,895.2553998065248,84.11506104748695,72.87526362859634
190,1995-11-30,146.0866516972716,142.60108725,336.5343062506781,891.4037434048124,80.48490970395505,83.77032037846499
191,1995-12-31,2.300307174841685,172.4123594601563,297.42976067655826,810.326570162209,68.51503564976156,12.158569547882745
192,1996-01-31,16.037189946893836,180.47046448828124,271.17157991470816,728.756154542328,57.77346035465598,8.841499581622633
193,1996-02-29,9.784280420730546,231.291936,247.14966714793243,668.6381002842694,46.46499578375369,5.997599010453478
194,1996-03-31,65.54439011561847,316.3282561546875,225.4980860884472,614.8800710452499,30.880150012671947,3.7537573730209
195,1996-04-30,42.51309247535805,357.0524423437501,217.4554488076104,571.825228076511,40.494326851330705,2.1408747140854207
196,1996-05-31,47.661653941435006,403.39775266874994,213.21891382689117,548.0015013089745,43.547629227396094,2.4190747944938584
197,1996-06-30,360.14549162023116,238.05063928125,239.47285215589733,552.9245412614608,67.76193506084383,98.3034088498482
198,1996-07-31,226.88467453283081,133.61218867265623,276.96168343738844,651.4559267105594,75.22917143069208,90.94112431418085
199,1996-08-31,339.5893911120235,112.2795938671875,318.1259764394453,775.1498803579682,75.9397596353665,236.37736821288985
200,1996-09-30,76.73662578689068,124.092937828125,323.9976623323229,840.2907762315538,76.64921460673212,59.40005314122415
201,1996-10-31,41.81630925132581,146.24053733671875,311.5398231629403,815.887059447586,88.15278369002044,24.79688721006352
202,1996-11-30,3.8983915793021713,179.1194607421875,277.1037320454915,758.0495357089573,80.08703542873262,7.835254575630814
203,1996-12-31,0.056106835572927005,179.94294654609374,249.1396314559444,676.9138972374702,50.94704814255238,4.520576870900552
204,1997-01-31,26.30840112324457,192.56285785781247,239.8080125419043,628.6485065747331,45.9732132847421,3.666140794490259
205,1997-02-28,6.134228258090057,237.07463889375,226.43905389876588,597.3885014397757,33.32917531952262,2.191211883775948
206,1997-03-31,50.612305582955436,308.55239668125,216.14366145800514,566.3833808488743,28.252196847461168,3.5945723037223414
207,1997-04-30,105.73469377247466,327.999915421875,220.6026743782891,554.0577129787869,45.4665954457596,8.138673079666386
208,1997-05-31,63.07163538160749,374.33373066562507,220.35846665085,547.2179369772633,72.11410459131001,4.09545206153402
209,1997-06-30,351.3734758880849,265.92066745312496,225.53995399475102,543.8003974490697,65.57975267060101,72.86220586774593
210,1997-07-31,307.5974133739044,122.096247665625,265.9731069790419,601.3779373168945,68.92728970851749,96.92656266185759
211,1997-08-31,471.17661664040253,121.38476431640623,342.5741614475046,808.9777088780559,88.48852815572172,300.24875750852533
212,1997-09-30,227.6619466854902,117.03660890625,391.48688078986265,997.0390579223634,82.77238346636295,121.74218925390494
213,1997-10-31,70.3587364408544,145.32567933515625,373.99047695693145,983.9417406307753,86.65069341659546,56.923863102705184
214,1997-11-30,37.709368783995316,147.581545640625,335.3317797342936,902.3074553595646,69.55308909527957,21.9713273106232
215,1997-12-31,55.835718184421395,153.19546132500002,302.3134811975624,815.2693676692182,47.37873764242977,14.267746796697695
216,1998-01-31,92.52315579937333,183.881722725,273.3705144492529,737.3045571440014,40.728096768725656,17.910762396399434
217,1998-02-28,16.23430688053905,209.0532425625,260.2201989718846,685.8197686331613,50.92088654637337,11.059325374918132
218,1998-03-31,72.38976971471386,293.6209065046875,248.09734008132762,653.3278427944388,60.56116903200746,6.867086398989056
219,1998-04-30,69.09446329927903,345.58340934375,229.9993419859144,611.0639199150933,54.38776826485992,5.257891809912089
220,1998-05-31,104.71973757857168,383.3306384343751,233.20500334872997,600.4854491859354,87.8322138218209,5.6013806945725975
221,1998-06-30,155.79622590086382,273.415506328125,234.29101058112252,583.6053655412462,76.02532440796493,9.416938157114542
222,1998-07-31,216.3257793692387,136.27910346328122,282.58940179886366,656.1036221083775,84.12533767987044,30.582571719998068
223,1998-08-31,172.72817134487912,121.74200114765623,312.0850056884109,767.0255160588089,80.18078680615871,39.8198909072466
224,1998-09-30,262.59146313891404,120.1744799296875,349.2613620334202,887.9998323228625,85.46605473384261,125.56482382347265
225,1998-10-31,149.65225031240826,122.16471361171877,353.99687047158517,929.9984554988083,78.6924809915945,64.43556430642424
226,1998-11-30,54.23415868008286,137.53235025,336.3379287295872,896.8407758924698,75.19886665977538,43.75546015653588
227,1998-12-31,0.0,172.47705694453126,300.93806886160235,817.2022491783223,68.03715925198047,8.776509810061794
228,1999-01-31,0.0,208.68491514375,268.04508576341857,729.5704860071984,53.112916625104845,5.0365079408375175
229,1999-02-28,0.0,260.17610889375,242.12133180527462,662.156103679112,39.702069154009216,2.6350760751262783
230,1999-03-31,0.8627582742627783,337.07300428125,221.1789214021416,605.68216758646,23.345192580018196,1.3201296542204732
231,1999-04-30,15.59185508797102,371.63685178125,211.91656246185303,562.4560989379883,13.798583939205857,0.7656233671147273
232,1999-05-31,224.3642476038443,362.4604972453125,232.26528413834114,556.2780019288423,76.93564456421882,7.27666150841158
233,1999-06-30,260.23611970746083,229.52244796875,251.51565235985646,594.8071677737768,84.31678893975914,47.69043134044266
234,1999-07-31,279.69144057105166,139.39758890859378,285.04781975284686,679.2227200743973,80.19342147745192,81.56953944856963
235,1999-08-31,398.647379679876,113.126108203125,348.30917555286044,860.4668743994928,80.39910353254525,332.60110437279127
236,1999-09-30,281.19057873893763,103.049021390625,393.6743334452312,994.2773643493653,75.5753042176366,204.30112820019366
237,1999-10-31,349.1559029480645,124.94677213828123,393.93807039978685,1002.1232066821027,77.7835641754791,280.92227467427523
238,1999-11-30,11.363951458171456,158.66839659375,359.53129560682515,958.1496887207032,82.00507471337914,117.09831123665356
239,1999-12-31,0.0,170.63171127421876,314.43411357428437,852.833669600948,59.63389459066094,10.317724300665613
240,2000-01-31,4.137566194135741,198.7211690578125,276.1358808291856,754.924815844464,46.81924906326458,5.7836909586596725
241,2000-02-29,36.308029658670776,191.3887817578125,256.46767329073504,686.1055896802883,34.07602751394734,5.897323381327398
242,2000-03-31,4.938449448405309,321.7125319875001,231.56974376145234,633.4358790818081,26.044140255544328,4.449805800642582
243,2000-04-30,61.50032923771415,387.74624568750005,216.6427162170409,583.2221775902643,22.94542221352458,3.64630495930528
244,2000-05-31,161.01704296262966,371.7484102968749,217.63096411510185,553.7396633599393,52.46931166620925,5.553136753720686
245,2000-06-30,302.70334126252413,192.88770721875,248.95876606835262,582.7773325178358,72.24339083768427,30.03733544632048
246,2000-07-31,268.24200573996825,131.778103921875,262.09928691002625,624.3407698600523,65.12057043146342,102.99662726115271
247,2000-08-31,231.76101390970348,130.68937421015622,277.8708352529874,681.9339399440314,73.68468192871659,64.20700365276011
248,2000-09-30,267.0612174917756,123.5157704296875,290.7733959409926,725.0847085740829,77.39767665043473,148.6556298525004
249,2000-10-31,43.88011374844391,157.14326402578126,270.19262510730374,714.9197004584854,86.11644494812937,28.242939943807887
250,2000-11-30,6.327202096968657,184.30540410937505,247.37869546678328,665.6674722459583,73.2417069375515,9.292440879998765
251,2000-12-31,0.0,191.42560503281246,232.24644220003518,617.5542671039539,44.77346192579718,4.605701510337601
252,2001-01-31,0.39593970164049996,220.04254740937503,221.8004823089928,582.7381626662387,27.36233272589743,3.956700892802905
253,2001-02-28,4.302824426742044,252.59593905,212.9441926365807,554.6131445566813,15.942502417601645,3.0037833834139205
254,2001-03-31,61.64768160549232,321.48353401875,216.26191262275935,540.5545971778132,32.510568271391094,3.0816315606976854
255,2001-04-30,43.16755734990569,350.498998125,210.9108133739895,527.9942262861464,17.671216512098912,3.1685503962821184
256,2001-05-31,114.64486386831007,349.88897565,219.60746502619915,525.5074086753273,46.334759762976326,2.542375940844713
257,2001-06-30,324.39709140475463,149.8062289921875,270.47610615624325,589.9023225996231,68.44939361326396,20.98920427505733
258,2001-07-31,551.8906776738704,102.587755078125,313.73266499016887,770.8542620751165,65.45968630816786,246.5726884652784
259,2001-08-31,363.35571167433375,122.2087679296875,346.7485351152318,877.6991303966893,83.53224867023528,133.30608245649321
260,2001-09-30,119.0878787478594,132.1565960390625,366.1939215342205,963.6848352220326,85.117950104177,56.71962377459454
261,2001-10-31,144.27158186631831,145.6005769453125,356.5757844986455,947.8315217212964,90.08875312283637,65.6646883449468
262,2001-11-30,10.131033805445174,163.1243255625,326.48110824161097,882.0255793253583,76.71248121187091,15.386627449719805
263,2001-12-31,0.0,182.31940075781247,284.8033512689734,779.3508161319198,58.15978897735477,5.945367967051822
264,2002-01-31,26.01513761840936,188.995491928125,264.9280375613961,707.4304026942098,51.700402598362416,5.189413323620227
265,2002-02-28,0.19188981523311904,238.680034425,241.60434357325238,654.8149682453701,37.46919720433653,5.010193064009201
266,2002-03-31,29.243469492997285,321.0669133453125,224.39603926545828,605.4858087519164,28.25537987519056,2.8501802576850053
267,2002-04-30,46.60348314147439,389.8738828125,214.22442008124457,565.5338797251383,25.30058036791161,2.9854427116850935
268,2002-05-31,68.39355374339998,398.89872073125,220.20572276781962,546.4380297917191,54.257465188857175,2.9155687395008183
269,2002-06-30,200.51748764776644,232.049221453125,238.80711318122013,562.7245460934108,72.5193084217608,10.105311412327962
270,2002-07-31,130.40735360028114,157.2148203328125,283.0853485189458,659.1253716663648,92.13529054541142,13.339748678244614
271,2002-08-31,283.64306353330545,114.62780129062502,339.3130918113133,826.8612431351856,80.11472274083644,40.83650237986776
272,2002-09-30,282.93749447075083,118.37635460156253,371.75003403557673,962.1264320373537,82.020313013345,102.18893996213815
273,2002-10-31,40.88504159833618,156.4584155859375,358.588883430727,955.8280560893397,94.30273754987866,26.960887118937464
274,2002-11-30,9.177974956576387,173.2268689453125,319.98408495585124,866.6643376668295,78.61819281242788,10.731087157510393
275,2002-12-31,0.18568203795025465,196.9797173203125,277.10338869402483,761.8377522294238,57.35810771584511,4.154859889525217
276,2003-01-31,0.009260386880501,213.954047240625,251.87873955183133,683.0076923165271,36.669811117462814,2.9232439119090765
277,2003-02-28,27.221566867754326,218.0545423875,241.5872216451736,637.5070968355451,34.63331018574536,2.5201478441298866
278,2003-03-31,56.093720011247136,321.2953332609375,227.12729899088538,599.7939851002027,38.589725748170174,2.5969992457762157
279,2003-04-30,48.321796078774824,382.95385537499993,215.84979981316462,568.9539689381918,28.480700100772086,1.9845802941354287
280,2003-05-31,80.44726176204719,416.1595204406249,213.5205918588946,544.9811208171228,35.205072700046,3.5198141309146287
281,2003-06-30,303.05298269382615,265.683952546875,238.30862695905896,551.3757441202798,79.30776360444725,38.254853478908075
282,2003-07-31,313.9842029458246,123.91917154453122,287.99587590207335,667.4736655450638,76.61890732124449,70.05977116309413
283,2003-08-31,242.0814296116457,106.7251258546875,332.2373587085354,818.4346667874244,73.7044816603884,116.41821121923084
284,2003-09-30,192.61267693598012,103.704860671875,366.62702488369416,949.0178842332626,74.43969254381955,104.56206339974615
285,2003-10-31,292.92593230394954,126.2491369453125,387.1283698953608,993.8534344909012,84.79283158667386,146.56339778952187
286,2003-11-30,24.629362699311933,174.57589863281245,359.62784750196676,962.254541269938,90.29266680590807,39.70625848457888
287,2003-12-31,10.889562326233454,171.15710598281245,313.8946197673838,851.9147991877729,58.23295314330608,9.29293926781748
288,2004-01-31,6.943833669612088,202.514598225,279.8601775015555,759.8116935812018,47.449426841922104,5.786681285571983
289,2004-02-29,4.439343772044962,247.72274322187505,251.7390144611227,688.3271472097812,34.747878229245536,3.483631175275696
290,2004-03-31,11.64382946672411,342.5698226109376,227.61371454628562,625.2409378379903,23.70285446522757,2.8323379737748966
291,2004-04-30,72.1614971956745,379.59350203125,229.0167696211073,588.249599541558,60.05766056478024,2.5496524029979977
292,2004-05-31,55.871851216881225,418.1400193781249,215.4566751705703,563.8477790176229,49.002052552532405,1.9107192194014075
293,2004-06-30,233.99231554390187,238.77339215625,237.8290514628092,565.2395646413167,66.75627012737095,18.275582279701077
294,2004-07-31,246.5843435293464,138.9928961390625,258.10119153094547,611.9248836066132,70.16600067727268,41.993958250058654
295,2004-08-31,362.1375138271823,110.98628893125,323.64160119333576,764.7187901978851,76.11465726513416,194.19960453528807
296,2004-09-30,175.32569141597668,121.22148403125,349.3448649936252,895.7954889085559,84.44339758716524,62.67246755892712
297,2004-10-31,116.1476589641655,149.45993751796874,354.49318891955954,934.298960285802,96.78724010009321,41.385626078531374
298,2004-11-30,0.0,173.51228446874995,326.1089972601996,882.8211929321291,85.53018257953227,12.51332199724628
299,2004-12-31,0.032738222777170006,184.67197692890625,285.1951515033681,777.8391483265866,58.69073749054223,8.367134055766758
300,2005-01-31,17.647626689429764,194.7229756875,259.90111365369575,701.0110659035303,45.348712988197796,6.554497559089071
301,2005-02-28,3.399062342753904,242.6102965125,240.14860927490972,648.010412534078,35.73546214029193,3.830509097103485
302,2005-03-31,53.42916169142985,307.9404385171875,233.97939027765744,607.5536665557534,52.768603968434036,2.6398605981859715
303,2005-04-30,55.769081485914256,354.09172021875,223.82637636396618,582.7294922722709,53.94013063050807,2.6906961556952163
304,2005-05-31,86.29245424850085,380.498978503125,220.32335562347083,560.894972278226,57.44028829503805,2.4636306654872557
305,2005-06-30,332.4893255417847,261.065752734375,227.96058481004508,552.3394663492838,64.26647398620844,84.69652430077069
306,2005-07-31,424.53704032836436,134.7962749171875,279.7108154091784,649.9323846550399,77.26413952186705,152.6604750085915
307,2005-08-31,174.40585159676445,126.458236546875,320.9917444208617,783.8586718651558,83.42715029139072,119.0240817681802
308,2005-09-30,300.83264231248813,124.4248916484375,360.25623198615176,912.8434348212347,90.56006628088652,106.66326644346165
309,2005-10-31,301.22111004448664,129.42830685234378,369.5757272781863,972.1385875414777,83.81396611221135,84.83657127783047
310,2005-11-30,1.001192515050498,176.3673541171875,336.5429734971788,912.9102350870767,82.99031504429877,25.90609913940249
311,2005-12-31,2.209280759326928,175.58316982968745,292.391416283064,799.1044238510951,54.71948166377842,11.444479481223466
312,2006-01-31,0.06361601255502,226.69469384062504,259.4321565730598,711.0050618161438,45.61961138388143,7.054480218827057
313,2006-02-28,0.0,240.7458729375,236.5285873640151,645.9472215743291,26.62279112264514,4.503033619681673
314,2006-03-31,12.725315765618312,305.80602181875,225.58754211343745,598.4916702188469,28.971155115868893,2.783495967540524
315,2006-04-30,15.39576910197722,352.5303313125001,216.8844571855333,566.3799154069687,32.04402630217373,1.804263581323224
316,2006-05-31,175.14355746558024,338.59710804375,230.69729837807282,557.1245348940613,73.20521401707083,8.71959392116419
317,2006-06-30,217.52924145777402,228.766066171875,258.8166933695475,608.0980937533907,102.28703822940588,24.412729879395613
318,2006-07-31,398.7795791075184,120.78918061875,305.0068341532061,720.8367820657712,80.01623726449907,59.832354735180225
319,2006-08-31,537.3369629933192,105.42535117031252,381.977235896613,947.6756300567296,77.19163144938648,279.46239707568617
320,2006-09-30,278.617085714892,119.84233246875,419.5586186303032,1024.1422180175782,86.20238397270441,166.95822475197602
321,2006-10-31,42.317641701711885,169.61634984375,392.43332647508186,1003.8604842155207,102.04338028561322,53.12624760163712
322,2006-11-30,22.539196401362318,171.75018705468747,341.75412182278114,924.2215701633032,78.44007946550845,16.41031602936676
323,2006-12-31,0.0,187.91224260468755,296.26106350396265,811.4330276161113,55.95497062895447,7.854392667869588
324,2007-01-31,3.04859987779329,220.78121037187495,263.17557989140994,719.2079400503508,39.418258122168474,5.448774344481119
325,2007-02-28,70.1983177849743,211.44345350625,262.02442319052557,677.7799071357364,54.15529450401664,7.707567616475239
326,2007-03-31,19.81159394814389,305.8760329453125,235.69321238610053,640.3637175201087,38.95806701621041,4.007436772748405
327,2007-04-30,46.31070103164584,337.544935171875,219.62065092722568,589.7043182796901,31.90003568306565,2.970092366868577
328,2007-05-31,109.03828893820791,323.2934405859375,226.11389443182173,572.4412660496207,60.14086646027864,3.248093092149527
329,2007-06-30,257.41094123001017,244.905366796875,232.0848698086208,559.8959519704184,66.01184397004545,15.352737078046975
330,2007-07-31,506.9443333369902,133.16728786171876,293.6646946937807,678.649866083617,83.36569187231362,227.52151506208813
331,2007-08-31,474.05380801734015,110.89249981171874,339.2356988640242,829.9539384739372,78.9343131473288,309.2070791948554
332,2007-09-30,432.6384127560042,111.705402796875,388.04338077969015,980.4125730726456,82.52296946011484,256.9120427972764
333,2007-10-31,29.40412360702411,142.51879787343745,401.2924235354188,1012.3564177482358,87.10333944763987,102.03802813063032
334,2007-11-30,65.03045382357892,168.80660212499996,343.33422296312114,928.1300905015736,74.86479333601892,40.21511244749005
335,2007-12-31,0.0,193.94580549375,298.7193228608818,818.0052322059547,53.643595555331565,11.017460798145807
336,2008-01-31,61.11353590837479,196.9740034875,269.17661789924875,724.6112823486328,44.10404521040617,8.412287992142618
337,2008-02-29,3.2876618618467752,218.7996664921875,256.8456387574645,680.1757150408865,44.23586258199065,6.315072050976899
338,2008-03-31,14.293343828964256,295.180382671875,230.4649016472601,629.1079951460641,25.89333457290195,3.420435599862241
339,2008-04-30,44.53735109794189,344.82881334375,223.07994634840225,585.3199562920466,44.31149899028241,6.809572444708987
340,2008-05-31,98.15003717293688,319.512061603125,232.35185793394692,574.1361487193775,77.75022683199495,5.027935670355563
341,2008-06-30,646.3889194920516,164.37126360937495,293.39357984330917,665.8001500447591,81.49677934125066,200.9346181623168
342,2008-07-31,304.8323484678687,122.87396256328122,326.42966055100965,816.2719960366524,78.02526641171427,73.9917520200886
343,2008-08-31,263.47249747039484,108.9505414546875,372.41270569832085,945.7542705740981,74.91733864881098,86.92631140171541
344,2008-09-30,299.54099522428197,127.038061125,409.45014283921984,1014.0471375359427,90.50204255618156,144.64639888360463
345,2008-10-31,16.53860443499015,163.31284726171876,381.81173078475473,992.7582477036341,94.51199239119889,60.383771017809906
346,2008-11-30,3.1491784246718417,169.4608815234375,330.3712784237332,896.6083388434517,71.35887164622545,14.360147898288028
347,2008-12-31,0.40253926898875,180.86405196796875,289.7223886469359,791.1057286416333,49.456595408264555,7.855788153762001
348,2009-01-31,0.06247215072306101,213.63278309999998,259.24384008428103,707.0488857966596,35.548680543433875,5.0480705382317765
349,2009-02-28,0.0,252.38213398125,235.86215991065617,644.3002519153413,20.93842579051852,3.558189992955921
350,2009-03-31,5.253559705799276,314.9838824484375,219.95338208188298,594.5540444979106,15.275239641778171,3.287266374700768
351,2009-04-30,1.5668248444464792,378.34731703125,211.48328325483533,557.3666404300265,9.476049046497794,2.4047212253147774
352,2009-05-31,168.13202850499172,336.9270903328125,229.27489286853424,560.9305216061172,65.90786960441619,2.5878289099118033
353,2009-06-30,79.04504896730681,283.935850875,220.34216355217828,550.725475438436,58.729784796014435,2.893839030604709
354,2009-07-31,401.5313697395505,123.9074882015625,284.4548178642027,633.3145357357557,76.25521067529917,83.57794268043979
355,2009-08-31,238.13226075586132,121.22128644609377,323.0030193533949,793.2500137000958,81.60482794046402,60.720581505699606
356,2009-09-30,256.2941971978859,113.6225418046875,355.4569048563639,915.3621964348688,80.9350807685405,77.61423404165917
357,2009-10-31,164.02695327611636,164.51907738749995,349.0155943593671,931.1587631061515,100.58012295048685,61.47643647156744
358,2009-11-30,20.534558958915085,162.08387296875,312.59793311225036,845.4447491963707,78.15084722824395,13.540698646751746
359,2009-12-31,1.4577139015104184,183.8999758640625,274.03562369397895,750.1063124133698,57.9114803345874,6.81904181326463
360,2010-01-31,0.2509356968794104,212.35170621093755,251.12778589802397,677.6468116185998,41.3172037457116,4.052291676433034
361,2010-02-28,0.2435102380700024,229.50027253125,233.28652098065328,628.0602774847122,27.488278364762664,2.3682392369846137
362,2010-03-31,9.045848499117703,324.97657565625,217.2810867678735,584.6720961704051,18.318655877374113,1.96285058523932
363,2010-04-30,9.566911784936073,408.09150675,211.14732708401158,551.0981090545654,13.367421459406614,1.5011441099788825
364,2010-05-31,102.81805828430836,360.6683546953125,224.61964205259918,540.766759482763,50.79694564919919,4.842037013973718
365,2010-06-30,138.66567196722985,215.889739171875,250.08667498694527,589.2762633429633,79.87727620638907,5.086147367581837
366,2010-07-31,215.30073057789429,117.94834965234377,286.45564319241424,680.3533010995518,71.72707440331578,18.14251273210334
367,2010-08-31,206.9254113055908,110.96631274921873,320.88543266378423,793.989366674936,73.67690624669194,30.50013837478209
368,2010-09-30,218.84769654676984,111.39138225,358.705662197537,918.2851046244299,79.85404785722494,41.34954280045617
369,2010-10-31,91.23430430807777,131.638126134375,354.7226799175303,939.6241966985887,82.91268206667154,26.269224504120487
370,2010-11-30,16.46182153879598,155.69257050000004,326.1842388153076,879.3754749721954,77.20011938363314,11.78567578191787
371,2010-12-31,29.86278614379306,160.13176533281245,290.0997289637083,786.8307719897197,54.51913280412555,4.8501108966369495
372,2011-01-31,2.842108397005936,205.10645504062495,260.50460368330766,708.7340622768608,47.19797739526256,2.532408184470352
373,2011-02-28,26.09109212892489,218.51500545,242.949573403313,651.5869197845459,38.93478051759303,2.092232062978536
374,2011-03-31,16.66994262498639,315.195338728125,223.77159305285386,605.6694313787643,24.064128112513572,1.4870895734910323
375,2011-04-30,115.04317377883731,304.25903690625,220.17207764519586,568.5324452718098,30.47327441163361,2.796254695699708
376,2011-05-31,156.15932599014099,333.5870104453125,231.4385149760913,565.2125164155036,79.27884666714817,3.915135348721816
377,2011-06-30,424.09425485918297,196.02520171875,253.45289556715218,590.5151858859591,80.35379368811846,49.70790523061349
378,2011-07-31,186.17264236832335,115.1664801046875,304.1083610083466,722.9922158846291,74.25464526750147,53.11448564911537
379,2011-08-31,363.09173071316553,101.6741865796875,360.57615743657584,903.1623903500138,71.96216373704374,105.74443866087299
380,2011-09-30,500.3298150846219,107.996066015625,412.29427019755036,1015.7020873175728,77.92100287042558,436.0979136488095
381,2011-10-31,23.94771210933451,150.76967250234375,385.73027333905617,997.4563954671223,89.95497501455246,80.93987627840123
382,2011-11-30,0.0025845273329639998,174.54495916406253,335.3911412556965,909.8383656819659,75.57558710686862,21.86178166806896
383,2011-12-31,0.0,174.72090354609375,295.5273680122949,804.5198371641098,47.712328692432486,12.102052369240113
384,2012-01-31,81.12991748072821,192.08460782812503,272.37525699984644,726.3382281231624,44.682541012298316,13.478101136720754
385,2012-02-29,16.179615549860944,245.59273364062503,247.26298229173688,673.3377903905408,34.46930798236281,4.861274783776236
386,2012-03-31,0.0,309.3085791000001,224.80857769135503,615.0747174498855,18.04446564638056,2.8161902084484307
387,2012-04-30,66.0447643958994,372.82421306250006,228.61186688741046,584.0014114379884,58.35906160064042,2.0868494745363804
388,2012-05-31,41.89244555244075,398.96008329375,213.60315002933635,560.4700695571079,41.65210698265582,2.1790512209992268
389,2012-06-30,174.30375309411124,318.952960875,235.58800680372448,561.226831266615,98.27830293215813,15.710778887014051
390,2012-07-31,245.00811378102424,126.16733131171873,286.5417529280469,648.2789319766464,75.70869780611247,32.729925475726816
391,2012-08-31,335.21833229063117,106.98548320546877,340.7457021077474,843.9529651928972,74.34618005063383,97.35288360198903
392,2012-09-30,248.48898383865074,118.0120305234375,370.0369322035048,959.3239697774252,80.85051574744284,95.01105891939648
393,2012-10-31,63.198350985618276,168.4181124140625,347.59121847665426,930.5091925180086,96.09964115079492,38.36250524775119
394,2012-11-30,33.610767826813245,163.644680953125,312.9536512586805,846.0517029656306,74.99118824489415,19.26268919345412
395,2012-12-31,14.607586525374662,178.05842666015624,273.7451025029664,749.8314889887329,53.679060330614455,8.564395954415378
396,2013-01-31,5.175395278000766,206.91160378593747,250.210194577453,677.3787659675845,40.22268068511039,4.2021070547396935
397,2013-02-28,9.203262791265056,224.63400330000002,233.76873050417225,627.3134338288081,26.275095948949453,1.8573917227985728
398,2013-03-31,4.483304547473724,329.6310371859375,219.21390053533736,586.7836437840617,19.941321189980954,1.233509851327269
399,2013-04-30,65.49697694241985,391.1283298125,215.22927491929798,555.625043996175,33.13331957906485,1.037743116134804
400,2013-05-31,156.839603374446,425.81145133125,217.03210475880616,539.5554386261971,49.01331657310947,1.311058995919804
401,2013-06-30,220.75267058317525,196.54925779687497,253.3195265875922,572.3067093319363,72.24549050442873,11.604063260777002
402,2013-07-31,402.5076775315762,114.41547793125,290.2035223027711,689.6598729779644,70.94796015881002,108.1803589636395
403,2013-08-31,294.74162013000563,111.9193333734375,340.9683629517915,845.0779256513043,76.86556598637253,169.4887390627352
404,2013-09-30,279.98735282528855,116.92647042187498,372.71974478827576,958.4688524882001,83.48984713666141,131.89983138719828
405,2013-10-31,436.60835698699134,124.27834263046873,380.1762966032952,985.7951775827717,76.8655854742974,212.57765535051757
406,2013-11-30,0.08116605546251597,167.11035328125,339.05539817810063,916.4968392266168,78.29044992104174,35.68546491828883
407,2013-12-31,0.0,178.84260018984375,294.3398218667636,804.5976050592238,55.48725393600761,11.75686896599596
408,2014-01-31,5.1406754958e-06,200.5842342796875,265.04268666749357,717.9003857028099,42.50454454449937,8.255993572192626
409,2014-02-28,37.75549063599936,225.503682075,250.72618064426243,663.1996147519068,42.21332548186183,5.3011518725768205
410,2014-03-31,36.89240507218501,311.101077375,236.8578285504413,630.2995800305439,44.557779317256056,5.793758392597778
411,2014-04-30,21.760139417263886,386.03545228125,215.75805844200985,583.2609020233155,29.473613016307354,3.1946659179829484
412,2014-05-31,126.74488344534235,405.81454831875,220.87849212974632,554.533923897692,68.16917695105076,2.7157152241948648
413,2014-06-30,168.77401219709446,355.729188375,246.39870902167428,584.1131511264376,118.77911584451796,2.3009568814576715
414,2014-07-31,462.9766196426569,163.68465770156254,271.76724472866266,634.9379447198685,84.18774451129137,133.19563971586535
415,2014-08-31,427.2031827061916,113.90388979921877,341.3664117218345,832.6944752354777,80.67231124732645,223.15005582654808
416,2014-09-30,169.12850329687984,112.7615295234375,380.92792002360017,978.4758727179633,77.32704863883555,50.00145565583844
417,2014-10-31,102.76998269866944,148.16234164921875,361.8662677067583,961.5541049588112,89.6701979683712,45.98734048631922
418,2014-11-30,0.0,180.8120626875,322.3058831956651,877.8012989468042,81.20461762882769,19.030540147495234
419,2014-12-31,0.1715557987980174,178.369986178125,282.1119502809313,771.4432276407878,51.79809556575492,8.693777432154599
